Krzysztof.Pasierbinski@dfki.de	aljoscha@apache.org	1
Sebastian.Kruse@hpi.de	uce@apache.org	2
acm@hortonworks.com	ktzoumas@apache.org	1
akshaydixi@gmail.com	akshaydixi@gmail.com	2
alexander.s.alexandrov@gmail.com	sewen@apache.org	6
alexander.s.alexandrov@gmail.com	twalthr@apache.org	2
aljoscha.krettek@gmail.com	aljoscha.krettek@gmail.com	1
aljoscha@apache.org	aljoscha@apache.org	17
aljoscha@apache.org	balassi.marton@gmail.com	16
aljoscha@apache.org	chesnay.schepler@fu-berlin.de	2
aljoscha@apache.org	chiwanpark@icloud.com	1
aljoscha@apache.org	gyula.fora@gmail.com	14
aljoscha@apache.org	mneumann@spotify.com	2
aljoscha@apache.org	mohit1007@gmail.com	1
aljoscha@apache.org	nemderogatorius@gmail.com	1
aljoscha@apache.org	sachingoel0101@gmail.com	2
aljoscha@apache.org	wir12kqe@studserv.uni-leipzig.de	4
amit5624@gmail.com	mxm@apache.org	1
amitpawar5388@gmail.com	sewen@apache.org	5
anirvan.basu@inria.fr	ktzoumas@apache.org	2
anirvan.basu@inria.fr	s.bortoli@gmail.com	1
balassi.marton@gmail.com	flink@twalthr.com	2
balassi.marton@gmail.com	nemderogatorius@gmail.com	2
balassi.marton@gmail.com	pompermaier@okkam.it	1
balassi.marton@gmail.com	warneke@apache.org	1
cadonna@informatik.hu-berlin.de	aljoscha@apache.org	1
cadonna@informatik.hu-berlin.de	parisc@kth.se	1
chesnay.schepler@fu-berlin.de	srowen@gmail.com	1
chiwanpark@icloud.com	mjsax@informatik.hu-berlin.de	1
edwardyoon@apache.org	ktzoumas@apache.org	1
fhueske@apache.org	Sebastian.Kruse@hpi.de	2
fhueske@apache.org	henry.saputra@gmail.com	5
fhueske@apache.org	volker.markl@tu-berlin.de	1
fhueske@apache.org	vyacheslav.zholudev@gmail.com	1
fhueske@gmail.com	fhueske@gmail.com	3
fhueske@gmail.com	jdam@live.de	1
fhueske@gmail.com	neutatz@googlemail.com	2
gates@hortonworks.com	sewen@apache.org	2
gdfm@apache.org	balassi.marton@gmail.com	1
gyfora@apache.org	gyfora@apache.org	4
gyfora@apache.org	rmetzger@apache.org	2
gyfora@apache.org	sirinath1978m@gmail.com	3
gyfora@apache.org	ssc@apache.org	1
gyula.fora@gmail.com	gdfm@apache.org	1
gyula.fora@gmail.com	wir12kqe@studserv.uni-leipzig.de	1
henry.saputra@gmail.com	holzemer.markus@googlemail.com	1
henry.saputra@gmail.com	ktzoumas@apache.org	17
henry.saputra@gmail.com	paris.carbone@icloud.com	1
henry.saputra@gmail.com	ssc@apache.org	2
ktzoumas@apache.org	aljoscha@apache.org	12
ktzoumas@apache.org	fhueske@gmail.com	2
ktzoumas@apache.org	ktzoumas@apache.org	3
ktzoumas@apache.org	lungu.andra@gmail.com	3
ktzoumas@apache.org	neutatz@googlemail.com	1
lungu.andra@gmail.com	gyfora@apache.org	1
lungu.andra@gmail.com	lungu.andra@gmail.com	7
max@data-artisans.com	trohrmann@apache.org	1
max@data-artisans.com	vasilikikalavri@gmail.com	1
mjsax@informatik.hu-berlin.de	trohrmann@apache.org	1
mjsax@informatik.hu-berlin.de	vidura.me@icloud.com	1
mxm@apache.org	sewen@apache.org	11
mxm@apache.org	trohrmann@apache.org	4
nemderogatorius@gmail.com	trohrmann@apache.org	1
parisc@kth.se	329385465@qq.com	1
parisc@kth.se	sewen@apache.org	5
pompermaier@okkam.it	ktzoumas@apache.org	3
reckoner42@gmail.com	tsekis79@gmail.com	1
rmetzger@apache.org	Stefan.Papp@Teradata.com	2
rmetzger@apache.org	elbeherymustafa@gmail.com	3
rmetzger@apache.org	graphific@gmail.com	1
rmetzger@apache.org	henry.saputra@gmail.com	64
rmetzger@apache.org	jllopezpino@gmail.com	2
rmetzger@apache.org	johannes.kirschnick@tu-berlin.de	3
rmetzger@apache.org	lungu.andra@gmail.com	4
rmetzger@apache.org	nikolaas.steenbergen@gmail.com	1
rmetzger@apache.org	philippe.rigaux@internetmemory.net	1
rmetzger@apache.org	r.braeunlich@gmail.com	1
rmetzger@apache.org	tsekis79@gmail.com	1
rmetzger@apache.org	uce@apache.org	24
rmetzger@apache.org	vidura.me@icloud.com	9
sewen@apache.org	chhao01@gmail.com	1
sewen@apache.org	fong.ch75@gmail.com	1
sewen@apache.org	nemderogatorius@gmail.com	2
sewen@apache.org	sewen@apache.org	48
sewen@apache.org	skunert49@gmail.com	6
sewen@apache.org	smarthi@apache.org	1
sewen@apache.org	srowen@gmail.com	5
sewen@apache.org	till.rohrmann@gmail.com	3
sewen@apache.org	uce@apache.org	30
sewen@apache.org	warneke@apache.org	2
sirinath1978m@gmail.com	sewen@apache.org	2
sirinath1978m@gmail.com	srowen@apache.org	1
srowen@gmail.com	henry.saputra@gmail.com	1
ssc.open@googlemail.com	trohrmann@apache.org	1
ssc@apache.org	fegaras@cse.uta.edu	1
ssc@apache.org	gates@hortonworks.com	1
ssc@apache.org	ktzoumas@apache.org	4
ted.dunning@gmail.com	mikiobraun@googlemail.com	2
ted.dunning@gmail.com	no-reply@apache.org	1
ted.dunning@gmail.com	sewen@apache.org	7
ted.dunning@gmail.com	uce@apache.org	1
till.rohrmann@gmail.com	kaul@tu-berlin.de	1
till.rohrmann@gmail.com	mikiobraun@googlemail.com	4
till.rohrmann@gmail.com	rmetzger@apache.org	3
till.rohrmann@gmail.com	sewen@apache.org	5
till.rohrmann@gmail.com	uce@apache.org	10
tobwiens@gmail.com	rmetzger@apache.org	1
trohrmann@apache.org	dashujudechuntian@163.com	1
trohrmann@apache.org	lungu.andra@gmail.com	1
trohrmann@apache.org	pieterjan.vanaeken@euranova.eu	1
trohrmann@apache.org	uce@apache.org	14
twalthr@apache.org	till.rohrmann@gmail.com	1
u.celebi@fu-berlin.de	Sebastian.Kruse@hpi.de	1
u.celebi@fu-berlin.de	vasilikikalavri@gmail.com	1
uce@apache.org	aljoscha@apache.org	14
uce@apache.org	fhueske@apache.org	7
uce@apache.org	sewen@apache.org	27
uce@apache.org	vidura.me@icloud.com	1
vasilikikalavri@gmail.com	aljoscha@apache.org	6
vasilikikalavri@gmail.com	fleischmann.kay@gmail.com	1
vasilikikalavri@gmail.com	henry.saputra@gmail.com	4
vasilikikalavri@gmail.com	sewen@apache.org	20
vidura.me@icloud.com	mjsax@informatik.hu-berlin.de	1
viktor.rosenfeld@tu-berlin.de	fhueske@apache.org	3
volker.markl@tu-berlin.de	rmetzger@apache.org	1
volker.markl@tu-berlin.de	twalthr@apache.org	1
vyacheslav.zholudev@gmail.com	rmetzger@apache.org	1
warneke@apache.org	trohrmann@apache.org	1
wir12kqe@studserv.uni-leipzig.de	rmetzger@apache.org	4
Anirvan.Basu@alumni.INSEAD.edu	sewen@apache.org	1
Sebastian.Kruse@hpi.de	u.celebi@fu-berlin.de	1
alexander.s.alexandrov@gmail.com	aljoscha@apache.org	4
alexander.s.alexandrov@gmail.com	fhueske@gmail.com	1
alexander.s.alexandrov@gmail.com	warneke@apache.org	1
aljoscha@apache.org	pieterjan.vanaeken@euranova.eu	2
aljoscha@apache.org	reckoner42@gmail.com	4
aljoscha@apache.org	ssc@apache.org	2
aljoscha@apache.org	till.rohrmann@gmail.com	1
balassi.marton@gmail.com	trohrmann@apache.org	9
balijanosdaniel@gmail.com	sewen@apache.org	1
cadonna@informatik.hu-berlin.de	sewen@apache.org	3
chesnay.schepler@fu-berlin.de	trohrmann@apache.org	1
christoph.bruecke@campus.tu-berlin.de	rmetzger@apache.org	1
christoph.bruecke@campus.tu-berlin.de	trohrmann@apache.org	1
dlieu.7@gmail.com	ssc@apache.org	1
dlieu.7@gmail.com	trohrmann@apache.org	1
fhueske@apache.org	balassi.marton@gmail.com	4
fhueske@apache.org	chiwanpark@icloud.com	3
fhueske@apache.org	fhueske@gmail.com	2
fhueske@apache.org	gates@hortonworks.com	1
fhueske@apache.org	gyula.fora@gmail.com	3
fhueske@apache.org	uce@apache.org	9
fhueske@apache.org	wir12kqe@studserv.uni-leipzig.de	2
fhueske@gmail.com	ktzoumas@apache.org	6
fhueske@gmail.com	mjsax@informatik.hu-berlin.de	5
fhueske@gmail.com	pompermaier@okkam.it	5
fhueske@gmail.com	wir12kqe@studserv.uni-leipzig.de	1
ggab90@gmail.com	ggab90@gmail.com	1
ggab90@gmail.com	gyula.fora@gmail.com	2
gyfora@apache.org	max@data-artisans.com	1
gyula.fora@gmail.com	ggab90@gmail.com	2
gyula.fora@gmail.com	henry.saputra@gmail.com	3
gyula.fora@gmail.com	rmetzger@apache.org	3
henry.saputra@gmail.com	fhueske@gmail.com	6
henry.saputra@gmail.com	mxm@apache.org	14
henry.saputra@gmail.com	ted.dunning@gmail.com	6
hongsibao@huawei.com	alexander.s.alexandrov@gmail.com	1
jllopezpino@gmail.com	rmetzger@apache.org	2
jllopezpino@gmail.com	ssc.open@googlemail.com	1
justin@classsoftware.com	sewen@apache.org	1
kaul@tu-berlin.de	sewen@apache.org	1
kostas.tzoumas@tu-berlin.de	gyula.fora@gmail.com	2
kostas.tzoumas@tu-berlin.de	sewen@apache.org	4
kostas.tzoumas@tu-berlin.de	trohrmann@apache.org	1
ktzoumas@apache.org	henry.saputra@gmail.com	11
ktzoumas@apache.org	njzhuyuqi@outlook.com	1
list@toolazydogs.com	rmetzger@apache.org	2
lungu.andra@gmail.com	chiwanpark@icloud.com	1
lungu.andra@gmail.com	ktzoumas@apache.org	1
max@data-artisans.com	fhueske@gmail.com	2
mbalassi@apache.org	henry.saputra@gmail.com	2
mikiobraun@googlemail.com	mikiobraun@googlemail.com	2
mikiobraun@googlemail.com	till.rohrmann@gmail.com	3
mikiobraun@googlemail.com	trohrmann@apache.org	2
mjsax@informatik.hu-berlin.de	fhueske@gmail.com	2
mjsax@informatik.hu-berlin.de	mbalassi@apache.org	1
mneumann@spotify.com	aljoscha@apache.org	1
mneumann@spotify.com	gyfora@apache.org	1
mxm@apache.org	henry.saputra@gmail.com	8
mxm@apache.org	neutatz@googlemail.com	1
mxm@apache.org	rajaram.lokesh@gmail.com	1
mxm@apache.org	ted.dunning@gmail.com	1
namluc.tran@euranova.eu	sewen@apache.org	1
neutatz@googlemail.com	neutatz@googlemail.com	2
neutatz@googlemail.com	rmetzger@apache.org	4
neutatz@googlemail.com	sewen@apache.org	2
nikolaas.steenbergen@gmail.com	sewen@apache.org	1
parisc@kth.se	anirvan.basu@inria.fr	2
parisc@kth.se	ktzoumas@apache.org	3
parisc@kth.se	mxm@apache.org	1
pompermaier@okkam.it	rmetzger@apache.org	3
pompermaier@okkam.it	sewen@apache.org	8
rajaram.lokesh@gmail.com	chiwanpark@icloud.com	2
rajika.kumarasiri@gmail.com	rmetzger@apache.org	2
reckoner42@gmail.com	lungu.andra@gmail.com	1
reckoner42@gmail.com	mxm@apache.org	2
reckoner42@gmail.com	sewen@apache.org	5
rmetzger@apache.org	alexander.s.alexandrov@gmail.com	9
rmetzger@apache.org	andreas.kunft@tu-berlin.de	1
rmetzger@apache.org	chesnay.schepler@fu-berlin.de	1
rmetzger@apache.org	christoph.bruecke@campus.tu-berlin.de	1
rmetzger@apache.org	gyfora@apache.org	3
rmetzger@apache.org	ktzoumas@apache.org	12
rmetzger@apache.org	max@data-artisans.com	1
rmetzger@apache.org	no-reply@apache.org	1
rmetzger@apache.org	rmetzger@apache.org	33
rmetzger@apache.org	shivatejau@gmail.com	1
rmetzger@apache.org	sirinath1978m@gmail.com	1
rmetzger@apache.org	srowen@gmail.com	2
rmetzger@apache.org	ssc.open@googlemail.com	1
rmetzger@apache.org	sudheer050.iitm@gmail.com	2
rmetzger@apache.org	trohrmann@apache.org	10
rmetzger@apache.org	wir12kqe@studserv.uni-leipzig.de	4
rmetzger@apache.org	zhouyi0922@hotmail.com	1
robert.waury@googlemail.com	ssc@apache.org	1
s.bortoli@gmail.com	anirvan.basu@inria.fr	1
sachingoel0101@gmail.com	aljoscha@apache.org	3
sachingoel0101@gmail.com	neutatz@googlemail.com	2
sachingoel0101@gmail.com	theodoros.vasiloudis@gmail.com	1
sameer2kk@gmail.com	srowen@gmail.com	1
sanit4u@gmail.com	sewen@apache.org	3
sewen@apache.org	aljoscha@apache.org	46
sewen@apache.org	balijanosdaniel@gmail.com	1
sewen@apache.org	cadonna@informatik.hu-berlin.de	3
sewen@apache.org	fhueske@gmail.com	21
sewen@apache.org	fleischmann.kay@gmail.com	1
sewen@apache.org	flink@twalthr.com	11
sewen@apache.org	neutatz@googlemail.com	3
sewen@apache.org	paris.carbone@icloud.com	1
sewen@apache.org	twalthr@apache.org	5
sewen@apache.org	wilsoncao01@gmail.com	1
sirinath1978m@gmail.com	henry.saputra@gmail.com	3
skunert49@gmail.com	fhueske@apache.org	1
skunert49@gmail.com	skunert49@gmail.com	1
srisatish@0xdata.com	ktzoumas@apache.org	1
srowen@apache.org	aljoscha@apache.org	1
ssc@apache.org	rmetzger@apache.org	3
sudheer050.iitm@gmail.com	rmetzger@apache.org	1
ted.dunning@gmail.com	marvin@rectangular.com	1
theodoros.vasiloudis@gmail.com	till.rohrmann@gmail.com	1
till.rohrmann@gmail.com	fhueske@apache.org	6
till.rohrmann@gmail.com	ted.dunning@gmail.com	1
till.rohrmann@gmail.com	warneke@apache.org	1
trohrmann@apache.org	trohrmann@apache.org	9
trohrmann@apache.org	vikasmishra95@gmail.com	1
twalthr@apache.org	gyfora@apache.org	1
twalthr@apache.org	twalthr@apache.org	2
u.celebi@fu-berlin.de	Krzysztof.Pasierbinski@dfki.de	1
u.celebi@fu-berlin.de	gyula.fora@gmail.com	3
u.celebi@fu-berlin.de	till.rohrmann@gmail.com	1
uce@apache.org	chiwanpark@icloud.com	3
uce@apache.org	flink@twalthr.com	1
uce@apache.org	gyula.fora@gmail.com	6
uce@apache.org	henry.saputra@gmail.com	13
uce@apache.org	neutatz@googlemail.com	4
uce@apache.org	pompermaier@okkam.it	1
vasilikikalavri@gmail.com	alexander.s.alexandrov@gmail.com	1
vasilikikalavri@gmail.com	tsekis79@gmail.com	1
vikasmishra95@gmail.com	sewen@apache.org	1
warneke@apache.org	ktzoumas@apache.org	1
zhouyi0922@hotmail.com	zhouyi0922@gmail.com	1
Sebastian.Kruse@hpi.de	rmetzger@apache.org	1
alexander.s.alexandrov@gmail.com	mneumann@sics.se	1
alexander.s.alexandrov@gmail.com	neutatz@googlemail.com	1
aljoscha.krettek@gmail.com	till.rohrmann@gmail.com	1
aljoscha@apache.org	balijanosdaniel@gmail.com	1
aljoscha@apache.org	fhueske@apache.org	10
aljoscha@apache.org	ggab90@gmail.com	1
aljoscha@apache.org	lists@christoph-viebig.de	1
aljoscha@apache.org	lungu.andra@gmail.com	1
aljoscha@apache.org	mxm@apache.org	6
aljoscha@apache.org	neutatz@googlemail.com	3
aljoscha@apache.org	vasilikikalavri@gmail.com	3
ankit13@yahoo-inc.com.INVALID	rmetzger@apache.org	2
arvid.heise@gmail.com	sewen@apache.org	2
balassi.marton@gmail.com	akshaydixi@gmail.com	1
balassi.marton@gmail.com	gyfora@apache.org	4
balassi.marton@gmail.com	gyula.fora@gmail.com	6
balassi.marton@gmail.com	rajaram.lokesh@gmail.com	2
balassi.marton@gmail.com	twalthr@apache.org	1
c.schepler@web.de	till.rohrmann@gmail.com	1
chesnay.schepler@fu-berlin.de	neutatz@googlemail.com	1
chesnay.schepler@fu-berlin.de	sewen@apache.org	4
chiwanpark@icloud.com	vidura.me@icloud.com	2
dlieu.7@gmail.com	dlieu.7@gmail.com	1
dlieu.7@gmail.com	sewen@apache.org	1
dsetrakyan@apache.org	fhueske@gmail.com	1
fegaras@cse.uta.edu	u.celebi@fu-berlin.de	1
fhueske@apache.org	anirvan.basu@inria.fr	1
fhueske@apache.org	chenxuecnu@gmail.com	1
fhueske@apache.org	fhueske@apache.org	8
fhueske@apache.org	janani.cse05@gmail.com	1
fhueske@apache.org	johannes.kirschnick@tu-berlin.de	1
fhueske@apache.org	rmetzger@apache.org	22
fhueske@apache.org	trohrmann@apache.org	1
fhueske@apache.org	u.celebi@fu-berlin.de	3
fhueske@apache.org	vasilikikalavri@gmail.com	1
fhueske@gmail.com	Krzysztof.Pasierbinski@dfki.de	1
fhueske@gmail.com	alexander.s.alexandrov@gmail.com	1
fhueske@gmail.com	khnd06@gmail.com	1
fhueske@gmail.com	mxm@apache.org	11
flink@twalthr.com	ktzoumas@apache.org	2
gdfm@apache.org	asterios.katsifodimos@tu-berlin.de	1
gdfm@apache.org	vasilikikalavri@gmail.com	1
ggab90@gmail.com	rmetzger@apache.org	1
gyfora@apache.org	aljoscha@apache.org	8
gyfora@apache.org	anirvan.basu@inria.fr	1
gyfora@apache.org	balassi.marton@gmail.com	3
gyula.fora@gmail.com	aljoscha@apache.org	25
gyula.fora@gmail.com	fhueske@gmail.com	2
gyula.fora@gmail.com	sewen@apache.org	16
gyula.fora@gmail.com	sudheer050.iitm@gmail.com	1
henry.saputra@gmail.com	balassi.marton@gmail.com	18
henry.saputra@gmail.com	henry.saputra@gmail.com	14
henry.saputra@gmail.com	metrobert@gmail.com	1
henry.saputra@gmail.com	niraj.rai@intel.com	1
henry.saputra@gmail.com	till.rohrmann@gmail.com	5
henry.saputra@gmail.com	xiyunyue@gmail.com	1
holzemer.markus@googlemail.com	balijanosdaniel@gmail.com	1
janani.cse05@gmail.com	sewen@apache.org	2
johannes.kirschnick@tu-berlin.de	fhueske@apache.org	1
ktzoumas@apache.org	fhueske@apache.org	8
ktzoumas@apache.org	reckoner42@gmail.com	1
ktzoumas@apache.org	uce@apache.org	10
ktzoumas@apache.org	vasilikikalavri@gmail.com	4
ktzoumas@apache.org	volker.markl@tu-berlin.de	2
lungu.andra@gmail.com	holzemer.markus@googlemail.com	1
lungu.andra@gmail.com	neutatz@googlemail.com	2
max@data-artisans.com	gyfora@apache.org	1
max@data-artisans.com	henry.saputra@gmail.com	2
max@data-artisans.com	ktzoumas@apache.org	2
max@data-artisans.com	rmetzger@apache.org	1
max@data-artisans.com	sewen@apache.org	1
max@data-artisans.com	uce@apache.org	3
mbalassi@apache.org	uce@apache.org	1
mbalassi@apache.org	wir12kqe@studserv.uni-leipzig.de	1
mjsax@informatik.hu-berlin.de	loveallah1987@yahoo.com.INVALID	1
mjsax@informatik.hu-berlin.de	parisc@kth.se	1
mneumann@spotify.com	rmetzger@apache.org	2
mxm@apache.org	ktzoumas@apache.org	3
mxm@apache.org	pieterjan.vanaeken@euranova.eu	1
mxm@apache.org	rmetzger@apache.org	11
nemderogatorius@gmail.com	aljoscha@apache.org	1
nemderogatorius@gmail.com	balassi.marton@gmail.com	1
neutatz@googlemail.com	lungu.andra@gmail.com	1
neutatz@googlemail.com	r.braeunlich@gmail.com	1
parisc@kth.se	alexander.s.alexandrov@gmail.com	1
parisc@kth.se	faybeligianni@gmail.com	1
parisc@kth.se	gyfora@apache.org	3
parisc@kth.se	vasilikikalavri@gmail.com	1
pompermaier@okkam.it	aljoscha@apache.org	1
pompermaier@okkam.it	mxm@apache.org	1
pompermaier@okkam.it	vasilikikalavri@gmail.com	3
rajaram.lokesh@gmail.com	aljoscha@apache.org	2
reckoner42@gmail.com	aljoscha@apache.org	1
rmetzger@apache.org	flink@twalthr.com	1
rmetzger@apache.org	kostas.tzoumas@tu-berlin.de	3
rmetzger@apache.org	sachingoel0101@gmail.com	2
rmetzger@apache.org	sanit4u@gmail.com	4
rmetzger@apache.org	sewen@apache.org	73
sachingoel0101@gmail.com	uce@apache.org	1
sewen@apache.org	anirvan.basu@inria.fr	1
sewen@apache.org	arvid.heise@gmail.com	2
sewen@apache.org	filipleczycki@gmail.com	1
sewen@apache.org	justin@classsoftware.com	1
sewen@apache.org	kostas.tzoumas@tu-berlin.de	1
sewen@apache.org	ruben.davies@h1.faust.net.ua	1
sewen@apache.org	trohrmann@apache.org	15
sewen@apache.org	viktor.rosenfeld@tu-berlin.de	5
shashikamuramudalige@gmail.com	sewen@apache.org	1
sirinath1978m@gmail.com	fhueske@gmail.com	1
sirinath1978m@gmail.com	gyfora@apache.org	1
srowen@apache.org	pompermaier@okkam.it	1
srowen@gmail.com	omalley@apache.org	1
srowen@gmail.com	sirinath1978m@gmail.com	2
ssc.open@googlemail.com	jllopezpino@gmail.com	2
ssc@apache.org	uce@apache.org	1
ted.dunning@gmail.com	metrobert@gmail.com	1
till.rohrmann@gmail.com	balassi.marton@gmail.com	2
till.rohrmann@gmail.com	neutatz@googlemail.com	4
till.rohrmann@gmail.com	till.rohrmann@gmail.com	1
trohrmann@apache.org	srowen@apache.org	1
trohrmann@apache.org	vidura.me@icloud.com	9
twalthr@apache.org	alexander.s.alexandrov@gmail.com	3
twalthr@apache.org	chiwanpark@icloud.com	1
u.celebi@fu-berlin.de	sudheer050.iitm@gmail.com	3
uce@apache.org	Sebastian.Kruse@hpi.de	2
uce@apache.org	mbalassi@apache.org	1
uce@apache.org	mxm@apache.org	10
uce@apache.org	till.rohrmann@gmail.com	5
uce@apache.org	uce@apache.org	4
uce@apache.org	wir12kqe@studserv.uni-leipzig.de	2
vasilikikalavri@gmail.com	fhueske@apache.org	3
vasilikikalavri@gmail.com	flink@twalthr.com	2
vasilikikalavri@gmail.com	parisc@kth.se	2
vasilikikalavri@gmail.com	pieterjan.vanaeken@euranova.eu	2
vasilikikalavri@gmail.com	u.celebi@fu-berlin.de	1
vasilikikalavri@gmail.com	vasilikikalavri@gmail.com	4
vasilikikalavri@gmail.com	zhouyi0922@hotmail.com	4
viktor.rosenfeld@tu-berlin.de	ktzoumas@apache.org	1
volker.markl@tu-berlin.de	sewen@apache.org	3
warneke@apache.org	ankit13@yahoo-inc.com.INVALID	1
zhouyi0922@hotmail.com	lungu.andra@gmail.com	1
329385465@qq.com	329385465@qq.com	1
Krzysztof.Pasierbinski@dfki.de	sewen@apache.org	2
Sebastian.Kruse@hpi.de	fhueske@gmail.com	1
Stefan.Papp@Teradata.com	rmetzger@apache.org	1
alexander.s.alexandrov@gmail.com	alexander.s.alexandrov@gmail.com	6
alexander.s.alexandrov@gmail.com	arvid.heise@gmail.com	1
alexander.s.alexandrov@gmail.com	till.rohrmann@gmail.com	1
alexander.s.alexandrov@gmail.com	trohrmann@apache.org	2
aljoscha@apache.org	alexander.s.alexandrov@gmail.com	2
aljoscha@apache.org	arvid.heise@gmail.com	1
aljoscha@apache.org	gyfora@apache.org	5
aljoscha@apache.org	mjsax@informatik.hu-berlin.de	8
aljoscha@apache.org	parisc@kth.se	6
aljoscha@apache.org	sewen@apache.org	45
balassi.marton@gmail.com	chiwanpark@icloud.com	1
balassi.marton@gmail.com	hongbosoftware@163.com	1
balassi.marton@gmail.com	sirinath1978m@gmail.com	1
balijanosdaniel@gmail.com	aljoscha@apache.org	1
chenxuecnu@gmail.com	gyula.fora@gmail.com	1
chhao01@gmail.com	aljoscha@apache.org	1
chiwanpark@icloud.com	gates@hortonworks.com	1
christoph.bruecke@campus.tu-berlin.de	christoph.bruecke@campus.tu-berlin.de	1
dlieu.7@gmail.com	smarthi@apache.org	1
elbeherymustafa@gmail.com	elbeherymustafa@gmail.com	1
elbeherymustafa@gmail.com	rmetzger@apache.org	3
faybeligianni@gmail.com	gyula.fora@gmail.com	1
fegaras@cse.uta.edu	sewen@apache.org	1
fhueske@apache.org	edwardyoon@apache.org	1
fhueske@apache.org	saied@fabgate.co	1
fhueske@apache.org	skunert49@gmail.com	1
fhueske@apache.org	srgnuclear@gmail.com	1
fhueske@gmail.com	Stefan.Papp@Teradata.com	1
fhueske@gmail.com	chesnay.schepler@fu-berlin.de	1
fhueske@gmail.com	gyfora@apache.org	3
fhueske@gmail.com	mneumann@spotify.com	1
fhueske@gmail.com	sewen@apache.org	21
flink@twalthr.com	uce@apache.org	1
fong.ch75@gmail.com	sewen@apache.org	1
gyfora@apache.org	cadonna@informatik.hu-berlin.de	1
gyfora@apache.org	mneumann@spotify.com	2
gyula.fora@gmail.com	alexander.s.alexandrov@gmail.com	1
gyula.fora@gmail.com	chenxuecnu@gmail.com	1
gyula.fora@gmail.com	fhueske@apache.org	4
gyula.fora@gmail.com	parisc@kth.se	1
henry.saputra@gmail.com	gyula.fora@gmail.com	3
henry.saputra@gmail.com	justin@classsoftware.com	1
henry.saputra@gmail.com	sewen@apache.org	68
henry.saputra@gmail.com	u.celebi@fu-berlin.de	7
henry.saputra@gmail.com	warneke@apache.org	1
holzemer.markus@googlemail.com	lungu.andra@gmail.com	1
ktzoumas@apache.org	asterios.katsifodimos@tu-berlin.de	1
ktzoumas@apache.org	nikolaas.steenbergen@gmail.com	1
ktzoumas@apache.org	parisc@kth.se	2
loveallah1987@yahoo.com.INVALID	mjsax@informatik.hu-berlin.de	1
lungu.andra@gmail.com	zhouyi0922@hotmail.com	1
max@data-artisans.com	fhueske@apache.org	1
mbalassi@apache.org	mjsax@informatik.hu-berlin.de	1
mbalassi@apache.org	rmetzger@apache.org	2
mikiobraun@googlemail.com	till@data-artisans.com	1
mjsax@informatik.hu-berlin.de	aljoscha@apache.org	8
mneumann@spotify.com	till.rohrmann@gmail.com	2
mxm@apache.org	chiwanpark@icloud.com	1
mxm@apache.org	mjsax@informatik.hu-berlin.de	7
mxm@apache.org	niraj.rai@intel.com	1
mxm@apache.org	pompermaier@okkam.it	5
mxm@apache.org	sanit4u@gmail.com	1
nemderogatorius@gmail.com	faybeligianni@gmail.com	1
nemderogatorius@gmail.com	gyula.fora@gmail.com	1
nemderogatorius@gmail.com	parisc@kth.se	2
nemderogatorius@gmail.com	sewen@apache.org	1
neutatz@googlemail.com	till.rohrmann@gmail.com	6
paris.carbone@icloud.com	gyula.fora@gmail.com	1
parisc@kth.se	balassi.marton@gmail.com	1
parisc@kth.se	chiwanpark@icloud.com	1
parisc@kth.se	mjsax@informatik.hu-berlin.de	1
parisc@kth.se	uce@apache.org	1
pompermaier@okkam.it	fhueske@gmail.com	9
rajaram.lokesh@gmail.com	rmetzger@apache.org	8
raymond.liu@intel.com	raymond.liu@intel.com	1
reckoner42@gmail.com	alexander.s.alexandrov@gmail.com	1
reckoner42@gmail.com	balassi.marton@gmail.com	2
rmetzger@apache.org	aljoscha@apache.org	19
rmetzger@apache.org	fhueske@apache.org	22
rmetzger@apache.org	filipleczycki@gmail.com	1
rmetzger@apache.org	ggab90@gmail.com	1
rmetzger@apache.org	mbalassi@apache.org	1
rmetzger@apache.org	mjsax@informatik.hu-berlin.de	6
rmetzger@apache.org	mneumann@spotify.com	1
rmetzger@apache.org	raymond.liu@intel.com	3
rmetzger@apache.org	ted.dunning@gmail.com	5
rmetzger@apache.org	theodoros.vasiloudis@gmail.com	1
rmetzger@apache.org	unicorn.banachi@gmail.com	1
sachingoel0101@gmail.com	sachingoel0101@gmail.com	1
sewen@apache.org	329385465@qq.com	1
sewen@apache.org	chiwanpark@icloud.com	7
sewen@apache.org	dlieu.7@gmail.com	1
sewen@apache.org	fegaras@cse.uta.edu	1
sewen@apache.org	fhueske@apache.org	19
sewen@apache.org	holzemer.markus@googlemail.com	2
sewen@apache.org	janani.cse05@gmail.com	3
sewen@apache.org	list@toolazydogs.com	1
sewen@apache.org	mjsax@informatik.hu-berlin.de	6
sewen@apache.org	namluc.tran@euranova.eu	3
sewen@apache.org	ssc@apache.org	2
sirinath1978m@gmail.com	parisc@kth.se	1
sirinath1978m@gmail.com	srowen@gmail.com	1
skunert49@gmail.com	sewen@apache.org	4
srowen@gmail.com	rmetzger@apache.org	8
srowen@gmail.com	sewen@apache.org	2
srowen@gmail.com	skunert49@gmail.com	1
suneel.marthi@gmail.com	sewen@apache.org	2
ted.dunning@gmail.com	fhueske@gmail.com	2
till.rohrmann@gmail.com	aljoscha@apache.org	4
till.rohrmann@gmail.com	christoph.alt@posteo.de	1
till.rohrmann@gmail.com	ktzoumas@apache.org	2
till.rohrmann@gmail.com	lungu.andra@gmail.com	1
till.rohrmann@gmail.com	yingjun.wu@comp.nus.edu.sg	1
trohrmann@apache.org	fhueske@gmail.com	5
trohrmann@apache.org	namluc.tran@euranova.eu	1
trohrmann@apache.org	navyasri.tech@gmail.com	1
trohrmann@apache.org	reckoner42@gmail.com	1
trohrmann@apache.org	rui.tyler.zhu@gmail.com	1
trohrmann@apache.org	sachingoel0101@gmail.com	1
trohrmann@apache.org	sewen@apache.org	16
trohrmann@apache.org	srowen@gmail.com	1
trohrmann@apache.org	ted.dunning@gmail.com	2
twalthr@apache.org	namluc.tran@euranova.eu	2
u.celebi@fu-berlin.de	rmetzger@apache.org	17
u.celebi@fu-berlin.de	skunert49@gmail.com	3
uce@apache.org	alexander.s.alexandrov@gmail.com	5
uce@apache.org	max@data-artisans.com	3
uce@apache.org	trohrmann@apache.org	11
vasilikikalavri@gmail.com	reckoner42@gmail.com	1
vidura.me@icloud.com	chiwanpark@icloud.com	1
viktor.rosenfeld@tu-berlin.de	sewen@apache.org	4
volker.markl@tu-berlin.de	gyula.fora@gmail.com	1
warneke@apache.org	aljoscha@apache.org	1
329385465@qq.com	parisc@kth.se	1
Sebastian.Kruse@hpi.de	metrobert@gmail.com	1
Sebastian.Kruse@hpi.de	mneumann@spotify.com	1
alexander.s.alexandrov@gmail.com	balassi.marton@gmail.com	1
aljoscha@apache.org	fhueske@gmail.com	5
aljoscha@apache.org	hongsibao@huawei.com	1
aljoscha@apache.org	norman.spangenberg@studserv.uni-leipzig.de	1
aljoscha@apache.org	rajaram.lokesh@gmail.com	5
anirvan.basu@inria.fr	sewen@apache.org	1
arvid.heise@gmail.com	rmetzger@apache.org	1
balassi.marton@gmail.com	henry.saputra@gmail.com	13
balassi.marton@gmail.com	max@data-artisans.com	1
balassi.marton@gmail.com	parisc@kth.se	4
balassi.marton@gmail.com	reckoner42@gmail.com	1
balassi.marton@gmail.com	sewen@apache.org	36
balassi.marton@gmail.com	ted.dunning@gmail.com	1
cadonna@informatik.hu-berlin.de	gyula.fora@gmail.com	2
chesnay.schepler@fu-berlin.de	wilsoncao01@gmail.com	1
chiwanpark@icloud.com	uce@apache.org	1
edwardyoon@apache.org	fegaras@cse.uta.edu	1
fhueske@apache.org	jgal2833@uni.sydney.edu.au	2
fhueske@apache.org	reckoner42@gmail.com	2
fhueske@apache.org	till.rohrmann@gmail.com	2
fhueske@apache.org	viktor.rosenfeld@tu-berlin.de	5
fhueske@gmail.com	aljoscha@apache.org	11
fhueske@gmail.com	balassi.marton@gmail.com	1
fhueske@gmail.com	dsetrakyan@apache.org	2
fhueske@gmail.com	henry.saputra@gmail.com	7
fhueske@gmail.com	parisc@kth.se	1
fhueske@gmail.com	rmetzger@apache.org	17
fhueske@gmail.com	till.rohrmann@gmail.com	1
fhueske@gmail.com	trohrmann@apache.org	2
fhueske@gmail.com	uce@apache.org	6
graphific@gmail.com	sewen@apache.org	1
gyfora@apache.org	akshaydixi@gmail.com	2
gyfora@apache.org	fhueske@gmail.com	4
gyfora@apache.org	vasilikikalavri@gmail.com	1
gyula.fora@gmail.com	cadonna@informatik.hu-berlin.de	2
gyula.fora@gmail.com	gyula.fora@gmail.com	4
gyula.fora@gmail.com	trohrmann@apache.org	1
henry.saputra@gmail.com	aljoscha.krettek@gmail.com	1
henry.saputra@gmail.com	fhueske@apache.org	3
henry.saputra@gmail.com	parisc@kth.se	1
holzemer.markus@googlemail.com	henry.saputra@gmail.com	1
hongsibao@huawei.com	aljoscha@apache.org	1
janani.cse05@gmail.com	skunert49@gmail.com	1
jgal2833@uni.sydney.edu.au	fhueske@apache.org	1
johannes.kirschnick@tu-berlin.de	mxm@apache.org	1
johannes.kirschnick@tu-berlin.de	twalthr@apache.org	1
kostas.tzoumas@tu-berlin.de	yingjun.wu@comp.nus.edu.sg	1
ktzoumas@apache.org	alexander.s.alexandrov@gmail.com	1
ktzoumas@apache.org	gyula.fora@gmail.com	2
ktzoumas@apache.org	mbalassi@apache.org	1
ktzoumas@apache.org	namluc.tran@euranova.eu	1
ktzoumas@apache.org	pompermaier@okkam.it	3
ktzoumas@apache.org	rmetzger@apache.org	12
ktzoumas@apache.org	till.rohrmann@gmail.com	2
ktzoumas@apache.org	trohrmann@apache.org	4
list@toolazydogs.com	sewen@apache.org	1
lungu.andra@gmail.com	rmetzger@apache.org	3
lungu.andra@gmail.com	vasilikikalavri@gmail.com	4
max@data-artisans.com	aljoscha@apache.org	1
max@data-artisans.com	volker.markl@tu-berlin.de	1
metrobert@gmail.com	sewen@apache.org	1
mjsax@informatik.hu-berlin.de	gyfora@apache.org	1
mjsax@informatik.hu-berlin.de	gyula.fora@gmail.com	3
mjsax@informatik.hu-berlin.de	nemderogatorius@gmail.com	3
mjsax@informatik.hu-berlin.de	sewen@apache.org	7
mneumann@spotify.com	namluc.tran@euranova.eu	1
msdevanms@gmail.com	trohrmann@apache.org	1
mxm@apache.org	aljoscha@apache.org	11
mxm@apache.org	amit5624@gmail.com	1
mxm@apache.org	faybeligianni@gmail.com	1
mxm@apache.org	fhueske@gmail.com	11
mxm@apache.org	gyula.fora@gmail.com	1
mxm@apache.org	parisc@kth.se	1
mxm@apache.org	reckoner42@gmail.com	3
nemderogatorius@gmail.com	rmetzger@apache.org	1
neutatz@googlemail.com	trohrmann@apache.org	1
parisc@kth.se	fhueske@apache.org	2
parisc@kth.se	mbalassi@apache.org	1
parisc@kth.se	nemderogatorius@gmail.com	1
pompermaier@okkam.it	mjsax@informatik.hu-berlin.de	2
reckoner42@gmail.com	trohrmann@apache.org	1
rmetzger@apache.org	Sebastian.Kruse@hpi.de	4
rmetzger@apache.org	a.ajay.bhat@gmail.com	2
rmetzger@apache.org	arvid.heise@gmail.com	3
rmetzger@apache.org	faybeligianni@gmail.com	2
rmetzger@apache.org	fegaras@cse.uta.edu	2
rmetzger@apache.org	fhueske@gmail.com	11
rmetzger@apache.org	gates@hortonworks.com	9
rmetzger@apache.org	robert.waury@googlemail.com	1
rmetzger@apache.org	twalthr@apache.org	1
rmetzger@apache.org	vasilikikalavri@gmail.com	6
rmetzger@apache.org	viktor.rosenfeld@tu-berlin.de	1
sanit4u@gmail.com	pompermaier@okkam.it	1
sewen@apache.org	Krzysztof.Pasierbinski@dfki.de	3
sewen@apache.org	Sebastian.Kruse@hpi.de	9
sewen@apache.org	chesnay.schepler@fu-berlin.de	9
sewen@apache.org	hawin.jiang@gmail.com	1
sewen@apache.org	matthiasschumacher@gmx.de	1
sewen@apache.org	mbalassi@apache.org	3
sewen@apache.org	mneumann@sics.se	1
sewen@apache.org	mneumann@spotify.com	6
sewen@apache.org	rmetzger@apache.org	75
sewen@apache.org	ted.dunning@gmail.com	2
smarthi@apache.org	suneel.marthi@gmail.com	1
srowen@apache.org	rmetzger@apache.org	1
ted.dunning@gmail.com	rmetzger@apache.org	2
theodoros.vasiloudis@gmail.com	mikiobraun@googlemail.com	1
till.rohrmann@gmail.com	chesnay.schepler@fu-berlin.de	1
till.rohrmann@gmail.com	henry.saputra@gmail.com	3
till.rohrmann@gmail.com	vasilikikalavri@gmail.com	1
trohrmann@apache.org	henry.saputra@gmail.com	11
trohrmann@apache.org	ktzoumas@apache.org	4
trohrmann@apache.org	max@data-artisans.com	2
trohrmann@apache.org	parisc@kth.se	2
trohrmann@apache.org	rmetzger@apache.org	10
trohrmann@apache.org	vasilikikalavri@gmail.com	2
twalthr@apache.org	mbalassi@apache.org	1
twalthr@apache.org	vijendrasingh161@gmail.com	1
u.celebi@fu-berlin.de	balassi.marton@gmail.com	1
u.celebi@fu-berlin.de	mneumann@spotify.com	1
uce@apache.org	chesnay.schepler@fu-berlin.de	2
uce@apache.org	namluc.tran@euranova.eu	1
uce@apache.org	ssc@apache.org	1
uce@apache.org	tsekis79@gmail.com	1
vasia@apache.org	balassi.marton@gmail.com	1
vasilikikalavri@gmail.com	gyfora@apache.org	1
vasilikikalavri@gmail.com	kostas.tzoumas@tu-berlin.de	1
vasilikikalavri@gmail.com	pompermaier@okkam.it	4
vasilikikalavri@gmail.com	ssc@apache.org	1
viktor.rosenfeld@tu-berlin.de	gates@hortonworks.com	1
wir12kqe@studserv.uni-leipzig.de	aljoscha@apache.org	1
yingjun.wu@comp.nus.edu.sg	sewen@apache.org	1
yingjun.wu@comp.nus.edu.sg	till.rohrmann@gmail.com	1
Krzysztof.Pasierbinski@dfki.de	fhueske@gmail.com	1
akshaydixi@gmail.com	balassi.marton@gmail.com	1
akshaydixi@gmail.com	gyfora@apache.org	2
alexander.s.alexandrov@gmail.com	henry.saputra@gmail.com	1
alexander.s.alexandrov@gmail.com	ktzoumas@apache.org	1
alexander.s.alexandrov@gmail.com	nilsengelbach@gmail.com	1
alexander.s.alexandrov@gmail.com	vasilikikalavri@gmail.com	2
aljoscha@apache.org	asterios.katsifodimos@tu-berlin.de	1
aljoscha@apache.org	henry.saputra@gmail.com	8
aljoscha@apache.org	ktzoumas@apache.org	10
aljoscha@apache.org	trohrmann@apache.org	9
aljoscha@apache.org	viktor.rosenfeld@tu-berlin.de	2
anirvan.basu@inria.fr	fhueske@apache.org	1
balassi.marton@gmail.com	aljoscha@apache.org	10
balassi.marton@gmail.com	balassi.marton@gmail.com	6
balassi.marton@gmail.com	kostas.tzoumas@tu-berlin.de	1
balassi.marton@gmail.com	ktzoumas@apache.org	4
balassi.marton@gmail.com	mjsax@informatik.hu-berlin.de	7
bikas@hortonworks.com	ktzoumas@apache.org	1
chesnay.schepler@fu-berlin.de	aljoscha@apache.org	1
chesnay.schepler@fu-berlin.de	u.celebi@fu-berlin.de	1
chiwanpark@icloud.com	viktor.rosenfeld@tu-berlin.de	1
dlieu.7@gmail.com	kaul@tu-berlin.de	1
dsetrakyan@apache.org	sewen@apache.org	1
faybeligianni@gmail.com	sachingoel0101@gmail.com	1
fhueske@apache.org	chesnay.schepler@fu-berlin.de	1
fhueske@apache.org	kostas.tzoumas@tu-berlin.de	1
fhueske@apache.org	neutatz@googlemail.com	2
fhueske@apache.org	sewen@apache.org	21
fhueske@gmail.com	gyula.fora@gmail.com	1
fhueske@gmail.com	sirinath1978m@gmail.com	2
fhueske@gmail.com	twalthr@apache.org	4
gates@hortonworks.com	u.celebi@fu-berlin.de	1
gyfora@apache.org	nemderogatorius@gmail.com	2
gyfora@apache.org	uce@apache.org	3
gyula.fora@gmail.com	ktzoumas@apache.org	3
henry.saputra@gmail.com	aljoscha@apache.org	5
henry.saputra@gmail.com	mjsax@informatik.hu-berlin.de	1
henry.saputra@gmail.com	sirinath1978m@gmail.com	1
henry.saputra@gmail.com	srowen@gmail.com	2
henry.saputra@gmail.com	uce@apache.org	13
henry.saputra@gmail.com	vasilikikalavri@gmail.com	4
holzemer.markus@googlemail.com	sewen@apache.org	1
janani.cse05@gmail.com	janani.cse05@gmail.com	1
johannes.kirschnick@tu-berlin.de	rmetzger@apache.org	1
jonas.traub@gmx.de	henry.saputra@gmail.com	1
kanwarpal954@gmail.com	fhueske@gmail.com	1
kostas.tzoumas@tu-berlin.de	balassi.marton@gmail.com	1
kostas.tzoumas@tu-berlin.de	rmetzger@apache.org	4
lungu.andra@gmail.com	till.rohrmann@gmail.com	1
max@data-artisans.com	balassi.marton@gmail.com	1
mbalassi@apache.org	aljoscha@apache.org	1
mbalassi@apache.org	balassi.marton@gmail.com	1
mbalassi@apache.org	gyfora@apache.org	2
mneumann@spotify.com	sewen@apache.org	4
mohit1007@gmail.com	henry.saputra@gmail.com	1
mxm@apache.org	Sebastian.Kruse@hpi.de	1
mxm@apache.org	balassi.marton@gmail.com	3
mxm@apache.org	matthias.d.schumacher@campus.tu-berlin.de	1
namluc.tran@euranova.eu	rmetzger@apache.org	1
nemderogatorius@gmail.com	neutatz@googlemail.com	1
neutatz@googlemail.com	chiwanpark@icloud.com	1
neutatz@googlemail.com	fhueske@gmail.com	2
neutatz@googlemail.com	karim.hamed89@gmail.com	1
neutatz@googlemail.com	uce@apache.org	2
parisc@kth.se	fhueske@gmail.com	1
parisc@kth.se	vasia@apache.org	1
pompermaier@okkam.it	pompermaier@okkam.it	13
rajaram.lokesh@gmail.com	trohrmann@apache.org	1
rajaram.lokesh@gmail.com	uce@apache.org	1
reckoner42@gmail.com	fhueske@apache.org	1
reckoner42@gmail.com	gyfora@apache.org	1
rmetzger@apache.org	amit5624@gmail.com	1
rmetzger@apache.org	namluc.tran@euranova.eu	2
rmetzger@apache.org	neutatz@googlemail.com	5
rmetzger@apache.org	rajaram.lokesh@gmail.com	4
rmetzger@apache.org	tobwiens@gmail.com	1
rmetzger@apache.org	warneke@apache.org	2
sachingoel0101@gmail.com	alexander.s.alexandrov@gmail.com	1
sewen@apache.org	amitpawar5388@gmail.com	5
sewen@apache.org	balassi.marton@gmail.com	25
sewen@apache.org	cosmin.clapon@gmail.com	1
sewen@apache.org	gyfora@apache.org	10
sewen@apache.org	jgal2833@uni.sydney.edu.au	3
sewen@apache.org	johannes.kirschnick@tu-berlin.de	2
sewen@apache.org	ktzoumas@apache.org	7
sewen@apache.org	lungu.andra@gmail.com	13
sewen@apache.org	mxm@apache.org	13
sewen@apache.org	pompermaier@okkam.it	11
sewen@apache.org	reckoner42@gmail.com	4
sewen@apache.org	sanit4u@gmail.com	4
sewen@apache.org	sirinath1978m@gmail.com	3
sewen@apache.org	u.celebi@fu-berlin.de	17
sewen@apache.org	vasilikikalavri@gmail.com	25
sewen@apache.org	wu.yj0616@gmail.com	1
sewen@apache.org	yingjun.wu@comp.nus.edu.sg	1
sewen@apache.org	zhouyi0922@gmail.com	1
sewen@apache.org	zhouyi0922@hotmail.com	2
shashikamuramudalige@gmail.com	rmetzger@apache.org	1
sirinath1978m@gmail.com	sirinath1978m@gmail.com	1
srowen@gmail.com	gates@hortonworks.com	2
ssc@apache.org	sewen@apache.org	3
ssc@apache.org	vasilikikalavri@gmail.com	1
sudheer050.iitm@gmail.com	kostas.tzoumas@tu-berlin.de	1
ted.dunning@gmail.com	henry.saputra@gmail.com	4
till.rohrmann@gmail.com	mjsax@informatik.hu-berlin.de	1
till.rohrmann@gmail.com	vidura.me@icloud.com	1
trohrmann@apache.org	alexander.s.alexandrov@gmail.com	2
trohrmann@apache.org	chiwanpark@icloud.com	3
trohrmann@apache.org	rajaram.lokesh@gmail.com	1
trohrmann@apache.org	twalthr@apache.org	1
tsekis79@gmail.com	max@data-artisans.com	1
tsekis79@gmail.com	u.celebi@fu-berlin.de	1
twalthr@apache.org	rmetzger@apache.org	1
u.celebi@fu-berlin.de	aljoscha@apache.org	1
uce@apache.org	chhao01@gmail.com	1
uce@apache.org	rmetzger@apache.org	32
uce@apache.org	srowen@gmail.com	1
uce@apache.org	twalthr@apache.org	1
uce@apache.org	vikasmishra95@gmail.com	1
vasilikikalavri@gmail.com	asterios.katsifodimos@tu-berlin.de	1
vasilikikalavri@gmail.com	balassi.marton@gmail.com	2
vasilikikalavri@gmail.com	fhueske@gmail.com	7
vasilikikalavri@gmail.com	gyula.fora@gmail.com	1
vasilikikalavri@gmail.com	holzemer.markus@googlemail.com	1
vasilikikalavri@gmail.com	ktzoumas@apache.org	4
vasilikikalavri@gmail.com	uce@apache.org	3
viktor.rosenfeld@tu-berlin.de	uce@apache.org	1
viktor.rosenfeld@tu-berlin.de	viktor.rosenfeld@tu-berlin.de	1
warneke@apache.org	asterios.katsifodimos@tu-berlin.de	1
wilsoncao01@gmail.com	rmetzger@apache.org	1
329385465@qq.com	gyfora@apache.org	1
Krzysztof.Pasierbinski@dfki.de	Krzysztof.Pasierbinski@dfki.de	1
a.ajay.bhat@gmail.com	rmetzger@apache.org	1
alexander.s.alexandrov@gmail.com	loveallah1987@yahoo.com.INVALID	2
aljoscha@apache.org	ssc.open@googlemail.com	1
aljoscha@apache.org	u.celebi@fu-berlin.de	2
arvid.heise@gmail.com	aljoscha@apache.org	2
arvid.heise@gmail.com	arvid.heise@gmail.com	5
balassi.marton@gmail.com	fhueske@gmail.com	2
balassi.marton@gmail.com	ggab90@gmail.com	1
balassi.marton@gmail.com	mxm@apache.org	2
balassi.marton@gmail.com	rmetzger@apache.org	18
balassi.marton@gmail.com	srowen@gmail.com	1
balassi.marton@gmail.com	uce@apache.org	12
balijanosdaniel@gmail.com	vasilikikalavri@gmail.com	1
cadonna@informatik.hu-berlin.de	gyfora@apache.org	1
chesnay.schepler@fu-berlin.de	uce@apache.org	2
dsetrakyan@apache.org	cos@apache.org	1
faybeligianni@gmail.com	rmetzger@apache.org	2
fhueske@apache.org	aljoscha@apache.org	20
fhueske@apache.org	fong.ch75@gmail.com	1
fhueske@apache.org	gyfora@apache.org	4
fhueske@apache.org	ktzoumas@apache.org	2
fhueske@apache.org	sirinath1978m@gmail.com	1
fhueske@gmail.com	lungu.andra@gmail.com	8
fhueske@gmail.com	vasilikikalavri@gmail.com	5
fleischmann.kay@gmail.com	ktzoumas@apache.org	1
flink@twalthr.com	rmetzger@apache.org	1
flink@twalthr.com	sewen@apache.org	6
ggab90@gmail.com	trohrmann@apache.org	1
graphific@gmail.com	Sebastian.Kruse@hpi.de	1
gyfora@apache.org	329385465@qq.com	1
gyfora@apache.org	parisc@kth.se	2
gyfora@apache.org	ruben.davies@h1.faust.net.ua	1
gyfora@apache.org	sewen@apache.org	8
gyula.fora@gmail.com	asterios.katsifodimos@tu-berlin.de	1
gyula.fora@gmail.com	balassi.marton@gmail.com	4
gyula.fora@gmail.com	mjsax@informatik.hu-berlin.de	3
gyula.fora@gmail.com	mxm@apache.org	2
gyula.fora@gmail.com	uce@apache.org	5
gyula.fora@gmail.com	vasilikikalavri@gmail.com	2
henry.saputra@gmail.com	andreas.kunft@tu-berlin.de	1
henry.saputra@gmail.com	chiwanpark@icloud.com	1
henry.saputra@gmail.com	max@data-artisans.com	1
henry.saputra@gmail.com	trohrmann@apache.org	9
hongbosoftware@163.com	ktzoumas@apache.org	1
jgal2833@uni.sydney.edu.au	sewen@apache.org	4
jonas.traub@gmx.de	sewen@apache.org	1
kaul@tu-berlin.de	till.rohrmann@gmail.com	1
ktzoumas@apache.org	balassi.marton@gmail.com	5
ktzoumas@apache.org	sewen@apache.org	12
ktzoumas@apache.org	srowen@apache.org	1
lists@christoph-viebig.de	sewen@apache.org	1
lungu.andra@gmail.com	alexander.s.alexandrov@gmail.com	1
lungu.andra@gmail.com	fhueske@gmail.com	5
lungu.andra@gmail.com	pompermaier@okkam.it	2
lungu.andra@gmail.com	reckoner42@gmail.com	1
lungu.andra@gmail.com	sewen@apache.org	14
lungu.andra@gmail.com	uce@apache.org	2
mbalassi@apache.org	janani.cse05@gmail.com	1
mbalassi@apache.org	mbalassi@apache.org	2
mjsax@informatik.hu-berlin.de	pompermaier@okkam.it	2
mjsax@informatik.hu-berlin.de	uce@apache.org	2
mxm@apache.org	mxm@apache.org	5
mxm@apache.org	uce@apache.org	10
neutatz@googlemail.com	alexander.s.alexandrov@gmail.com	1
neutatz@googlemail.com	sachingoel0101@gmail.com	1
omalley@apache.org	rmetzger@apache.org	1
parisc@kth.se	aljoscha@apache.org	2
parisc@kth.se	gyula.fora@gmail.com	3
parisc@kth.se	parisc@kth.se	2
pompermaier@okkam.it	fhueske@apache.org	8
rajaram.lokesh@gmail.com	balassi.marton@gmail.com	3
rajaram.lokesh@gmail.com	mxm@apache.org	1
reckoner42@gmail.com	vasilikikalavri@gmail.com	1
rmetzger@apache.org	balassi.marton@gmail.com	22
rmetzger@apache.org	kanwarpal954@gmail.com	2
rmetzger@apache.org	nemderogatorius@gmail.com	4
rmetzger@apache.org	omalley@apache.org	2
rmetzger@apache.org	u.celebi@fu-berlin.de	10
rmetzger@apache.org	wilsoncao01@gmail.com	2
rmetzger@apache.org	yongjun.tian@tendcloud.com	1
sachingoel0101@gmail.com	till.rohrmann@gmail.com	2
sewen@apache.org	alexander.s.alexandrov@gmail.com	7
sewen@apache.org	christoph.bruecke@campus.tu-berlin.de	1
sewen@apache.org	groups@ckurs.de	1
sewen@apache.org	henry.saputra@gmail.com	49
sewen@apache.org	hongbosoftware@163.com	1
sewen@apache.org	manohar.kaul@gmail.com	1
sewen@apache.org	parisc@kth.se	7
sewen@apache.org	s.bortoli@gmail.com	1
sewen@apache.org	srowen@apache.org	1
sewen@apache.org	suneel.marthi@gmail.com	1
sirinath1978m@gmail.com	bikas@hortonworks.com	1
sirinath1978m@gmail.com	sameer2kk@gmail.com	1
skunert49@gmail.com	u.celebi@fu-berlin.de	3
srowen@gmail.com	vasilikikalavri@gmail.com	1
ssc.open@googlemail.com	yingjun.wu@comp.nus.edu.sg	1
ssc@apache.org	kostas.tzoumas@tu-berlin.de	1
sudheer050.iitm@gmail.com	u.celebi@fu-berlin.de	2
ted.dunning@gmail.com	ruben.davies@h1.faust.net.ua	1
ted.dunning@gmail.com	srowen@gmail.com	1
ted.dunning@gmail.com	trohrmann@apache.org	1
theodoros.vasiloudis@gmail.com	rmetzger@apache.org	1
till.rohrmann@gmail.com	c.schepler@web.de	1
till.rohrmann@gmail.com	chiwanpark@icloud.com	1
till.rohrmann@gmail.com	mail@floriangoessler.de	1
trohrmann@apache.org	aljoscha@apache.org	6
trohrmann@apache.org	hongsibao@huawei.com	1
trohrmann@apache.org	mxm@apache.org	5
trohrmann@apache.org	nemderogatorius@gmail.com	1
trohrmann@apache.org	neutatz@googlemail.com	2
tsekis79@gmail.com	fhueske@apache.org	1
twalthr@apache.org	fhueske@gmail.com	2
u.celebi@fu-berlin.de	fhueske@apache.org	3
u.celebi@fu-berlin.de	henry.saputra@gmail.com	7
uce@apache.org	fhueske@gmail.com	4
uce@apache.org	gyfora@apache.org	5
uce@apache.org	rajaram.lokesh@gmail.com	2
uce@apache.org	sachingoel0101@gmail.com	2
vasilikikalavri@gmail.com	mneumann@spotify.com	1
vasilikikalavri@gmail.com	rmetzger@apache.org	8
vasilikikalavri@gmail.com	trohrmann@apache.org	3
vidura.me@icloud.com	vidura.me@icloud.com	6
volker.markl@tu-berlin.de	ktzoumas@apache.org	2
vyacheslav.zholudev@gmail.com	fhueske@apache.org	1
warneke@apache.org	fhueske@apache.org	1
wilsoncao01@gmail.com	fhueske@apache.org	1
wir12kqe@studserv.uni-leipzig.de	fhueske@apache.org	3
yingjun.wu@comp.nus.edu.sg	yingjun.wu@comp.nus.edu.sg	1
Sebastian.Kruse@hpi.de	sewen@apache.org	7
alexander.s.alexandrov@gmail.com	johannes.kirschnick@tu-berlin.de	2
alexander.s.alexandrov@gmail.com	rmetzger@apache.org	8
alexander.s.alexandrov@gmail.com	uce@apache.org	3
aljoscha.krettek@gmail.com	u.celebi@fu-berlin.de	1
aljoscha@apache.org	loveallah1987@yahoo.com.INVALID	1
aljoscha@apache.org	rmetzger@apache.org	12
aljoscha@apache.org	sirinath1978m@gmail.com	1
aljoscha@apache.org	ted.dunning@gmail.com	2
aljoscha@apache.org	uce@apache.org	13
balassi.marton@gmail.com	fhueske@apache.org	5
balassi.marton@gmail.com	volker.markl@tu-berlin.de	1
chesnay.schepler@fu-berlin.de	ktzoumas@apache.org	1
chesnay.schepler@fu-berlin.de	vasilikikalavri@gmail.com	1
chiwanpark@icloud.com	flink@twalthr.com	1
fegaras@cse.uta.edu	fhueske@apache.org	1
fegaras@cse.uta.edu	rmetzger@apache.org	2
fhueske@apache.org	alexander.s.alexandrov@gmail.com	1
fhueske@apache.org	hongbosoftware@163.com	1
fhueske@apache.org	mneumann@spotify.com	4
fhueske@apache.org	nilsengelbach@gmail.com	1
fhueske@apache.org	pompermaier@okkam.it	7
fhueske@gmail.com	andra@apache.org	1
fhueske@gmail.com	gdfm@apache.org	1
fleischmann.kay@gmail.com	sewen@apache.org	1
flink@twalthr.com	vasilikikalavri@gmail.com	3
gates@hortonworks.com	ktzoumas@apache.org	2
gates@hortonworks.com	rmetzger@apache.org	7
gates@hortonworks.com	srowen@gmail.com	1
ggab90@gmail.com	parisc@kth.se	1
gyfora@apache.org	fhueske@apache.org	3
gyfora@apache.org	mjsax@informatik.hu-berlin.de	2
gyula.fora@gmail.com	mbalassi@ilab.sztaki.hu	1
gyula.fora@gmail.com	mneumann@spotify.com	2
gyula.fora@gmail.com	u.celebi@fu-berlin.de	6
henry.saputra@gmail.com	alexander.s.alexandrov@gmail.com	1
henry.saputra@gmail.com	elbeherymustafa@gmail.com	1
henry.saputra@gmail.com	gates@hortonworks.com	2
henry.saputra@gmail.com	kostas.tzoumas@tu-berlin.de	3
henry.saputra@gmail.com	mbalassi@apache.org	3
henry.saputra@gmail.com	rmetzger@apache.org	92
henry.saputra@gmail.com	srisatish@0xdata.com	1
henry.saputra@gmail.com	sudheer050.iitm@gmail.com	1
kostas.tzoumas@tu-berlin.de	henry.saputra@gmail.com	5
kostas.tzoumas@tu-berlin.de	ssc.open@googlemail.com	1
kostas.tzoumas@tu-berlin.de	u.celebi@fu-berlin.de	1
ktzoumas@apache.org	srowen@gmail.com	1
marvin@rectangular.com	rmetzger@apache.org	1
max@data-artisans.com	max@data-artisans.com	1
max@data-artisans.com	vikasmishra95@gmail.com	1
mbalassi@apache.org	mxm@apache.org	1
mbalassi@apache.org	sewen@apache.org	3
metrobert@gmail.com	henry.saputra@gmail.com	3
mjsax@informatik.hu-berlin.de	balassi.marton@gmail.com	4
mjsax@informatik.hu-berlin.de	mjsax@informatik.hu-berlin.de	2
mjsax@informatik.hu-berlin.de	mxm@apache.org	3
mjsax@informatik.hu-berlin.de	rmetzger@apache.org	8
mneumann@spotify.com	u.celebi@fu-berlin.de	1
mxm@apache.org	johannes.kirschnick@tu-berlin.de	1
mxm@apache.org	sachingoel0101@gmail.com	1
nemderogatorius@gmail.com	gyfora@apache.org	3
nemderogatorius@gmail.com	mjsax@informatik.hu-berlin.de	3
nemderogatorius@gmail.com	nemderogatorius@gmail.com	1
neutatz@googlemail.com	anirvan.basu@inria.fr	1
neutatz@googlemail.com	balassi.marton@gmail.com	1
neutatz@googlemail.com	pompermaier@okkam.it	2
neutatz@googlemail.com	reckoner42@gmail.com	1
niraj.rai@intel.com	rmetzger@apache.org	1
omalley@apache.org	srowen@gmail.com	1
parisc@kth.se	trohrmann@apache.org	1
pompermaier@okkam.it	balassi.marton@gmail.com	1
pompermaier@okkam.it	lungu.andra@gmail.com	1
pompermaier@okkam.it	neutatz@googlemail.com	1
pompermaier@okkam.it	sanit4u@gmail.com	3
raymond.liu@intel.com	rmetzger@apache.org	2
rmetzger@apache.org	aljoscha.krettek@gmail.com	1
rmetzger@apache.org	balijanosdaniel@gmail.com	1
rmetzger@apache.org	chiwanpark@icloud.com	3
rmetzger@apache.org	edwardyoon@apache.org	1
rmetzger@apache.org	gyula.fora@gmail.com	2
rmetzger@apache.org	hongbosoftware@163.com	1
rmetzger@apache.org	jgal2833@uni.sydney.edu.au	1
rmetzger@apache.org	mxm@apache.org	11
rmetzger@apache.org	pompermaier@okkam.it	3
rmetzger@apache.org	ssc@apache.org	1
rmetzger@apache.org	till.rohrmann@gmail.com	2
rmetzger@apache.org	volker.markl@tu-berlin.de	1
s.bortoli@gmail.com	neutatz@googlemail.com	1
sanit4u@gmail.com	mxm@apache.org	1
sewen@apache.org	dsetrakyan@apache.org	1
sewen@apache.org	gyula.fora@gmail.com	26
sewen@apache.org	rajika.kumarasiri@gmail.com	1
sewen@apache.org	shashikamuramudalige@gmail.com	2
sewen@apache.org	vidura.me@icloud.com	11
srowen@gmail.com	robert.waury@googlemail.com	1
ssc.open@googlemail.com	sewen@apache.org	1
ssc@apache.org	henry.saputra@gmail.com	1
ssc@apache.org	till.rohrmann@gmail.com	1
sudheer050.iitm@gmail.com	henry.saputra@gmail.com	1
sudheer050.iitm@gmail.com	sudheer050.iitm@gmail.com	3
suneel.marthi@gmail.com	till.rohrmann@gmail.com	1
ted.dunning@gmail.com	u.celebi@fu-berlin.de	1
theodoros.vasiloudis@gmail.com	fhueske@gmail.com	1
till.rohrmann@gmail.com	sachingoel0101@gmail.com	4
till.rohrmann@gmail.com	theodoros.vasiloudis@gmail.com	1
trohrmann@apache.org	balassi.marton@gmail.com	6
trohrmann@apache.org	fhueske@apache.org	1
trohrmann@apache.org	ggab90@gmail.com	1
twalthr@apache.org	sewen@apache.org	5
u.celebi@fu-berlin.de	fegaras@cse.uta.edu	1
u.celebi@fu-berlin.de	jgal2833@uni.sydney.edu.au	1
u.celebi@fu-berlin.de	kostas.tzoumas@tu-berlin.de	3
u.celebi@fu-berlin.de	reckoner42@gmail.com	1
u.celebi@fu-berlin.de	sewen@apache.org	12
u.celebi@fu-berlin.de	u.celebi@fu-berlin.de	4
uce@apache.org	balassi.marton@gmail.com	9
uce@apache.org	ktzoumas@apache.org	6
uce@apache.org	reckoner42@gmail.com	3
uce@apache.org	vasilikikalavri@gmail.com	4
uce@apache.org	warneke@apache.org	3
vasilikikalavri@gmail.com	lungu.andra@gmail.com	8
vasilikikalavri@gmail.com	sachingoel0101@gmail.com	1
vasilikikalavri@gmail.com	twalthr@apache.org	1
viktor.rosenfeld@tu-berlin.de	gyfora@apache.org	1
warneke@apache.org	sewen@apache.org	3
zhouyi0922@hotmail.com	sewen@apache.org	2
